"","Account","AccType"
"1","NASA","General"
"2","NASASocial","General"
"3","NASAAmes","Centers & Facilities"
"4","NASAArmstrong","Centers & Facilities"
"5","NASAglenn","Centers & Facilities"
"6","NASAGoddard","Centers & Facilities"
"7","NASAGoddardPix","Centers & Facilities"
"8","NASAGISS","Centers & Facilities"
"9","NASAIVV","Centers & Facilities"
"10","NASAJPL","Centers & Facilities"
"11","NASA_Johnson","Centers & Facilities"
"12","NASAKennedy","Centers & Facilities"
"13","NASA_Langley","Centers & Facilities"
"14","NASA_Marshall","Centers & Facilities"
"15","NASA_NSSC","Centers & Facilities"
"16","NASAStennis","Centers & Facilities"
"17","NASA_Wallops","Centers & Facilities"
"18","NASA_APPEL","Organizations & Programs"
"19","NASAAero","Organizations & Programs"
"20","NASAARSET","Organizations & Programs"
"21","NASAPrize","Organizations & Programs"
"22","CanberraDSN","Organizations & Programs"
"23","NASADLN","Organizations & Programs"
"24","NASA_eClips","Organizations & Programs"
"25","NASAedu","Organizations & Programs"
"26","NASAenvcomm","Organizations & Programs"
"27","FragileOasis","Organizations & Programs"
"28","NASA_LSP","Organizations & Programs"
"29","NASA360","Organizations & Programs"
"30","NASA3DPrinter","Organizations & Programs"
"31","NASA_NAS","Organizations & Programs"
"32","NASA_Supercomp","Organizations & Programs"
"33","NASA_NCCS","Organizations & Programs"
"34","NASA_EDGE","Organizations & Programs"
"35","NASA_GESDISC","Organizations & Programs"
"36","NASA_Giovanni","Organizations & Programs"
"37","NASAGO","Organizations & Programs"
"38","NASALaserComm","Organizations & Programs"
"39","NASAhistory","Organizations & Programs"
"40","NASAInterns","Organizations & Programs"
"41","NASAJSCStudents","Organizations & Programs"
"42","Astromaterials","Organizations & Programs"
"43","NASAJPL_Edu","Organizations & Programs"
"44","JPL_Technology","Organizations & Programs"
"45","KSCLibrary","Organizations & Programs"
"46","NASA_STI","Organizations & Programs"
"47","NASA_SpaceGrant","Organizations & Programs"
"48","NASA_Technology","Organizations & Programs"
"49","NASATechBriefs","Organizations & Programs"
"50","NASAsolutions","Organizations & Programs"
"51","NASAWavelength","Organizations & Programs"
"52","NASAXrocks","Organizations & Programs"
"53","NASAcio","Organizations & Programs"
"54","NASAKnowledge","Organizations & Programs"
"55","NASAOIG","Organizations & Programs"
"56","NASA_OSBP","Organizations & Programs"
"57","openNASA","Organizations & Programs"
"58","NASAdata","Organizations & Programs"
"59","NASARMC","Organizations & Programs"
"60","RoverChallenge","Organizations & Programs"
"61","NASA_SatServ","Organizations & Programs"
"62","NASAScienceCast","Organizations & Programs"
"63","scijinks","Organizations & Programs"
"64","spaceapps","Organizations & Programs"
"65","NASASCaN","Organizations & Programs"
"66","nasaspaceplace","Organizations & Programs"
"67","NASAspinoff","Organizations & Programs"
"68","StudentLaunch","Organizations & Programs"
"69","SwampWorks_KSC","Organizations & Programs"
"70","NASATechPartner","Organizations & Programs"
"71","WomenNASA","Organizations & Programs"
"72","a2iSTEM","Organizations & Programs"
"73","NASAEarth","Missions & Topics"
"74","NASAAirborne","Missions & Topics"
"76","NASAClimate","Missions & Topics"
"78","nasa_eyes","Missions & Topics"
"79","NASAHurricane","Missions & Topics"
"80","NASA_ICE","Missions & Topics"
"82","NASA_Landsat","Missions & Topics"
"83","NASAMeteorWatch","Missions & Topics"
"84","NASA_Rain","Missions & Topics"
"85","NASASMAP","Missions & Topics"
"86","NASANPP","Missions & Topics"
"87","NASASunEarth","Missions & Topics"
"88","NASAViz","Missions & Topics"
"89","NASAWhatonEarth","Missions & Topics"
"90","AsteroidWatch","Missions & Topics"
"91","NASABeAMartian","Missions & Topics"
"92","CassiniSaturn","Missions & Topics"
"93","chandraxray","Missions & Topics"
"94","NASA_Dawn","Missions & Topics"
"95","diskdetective","Missions & Topics"
"96","NASAEuropa","Missions & Topics"
"97","NASAFermi","Missions & Topics"
"98","NASA_Hubble","Missions & Topics"
"99","HubbleTelescope","Missions & Topics"
"100","NASAWebb","Missions & Topics"
"101","NASAJuno","Missions & Topics"
"102","NASAKepler","Missions & Topics"
"103","NASALADEE","Missions & Topics"
"104","NASA_LAMBDA","Missions & Topics"
"105","lcross_nasa","Missions & Topics"
"106","LRO_NASA","Missions & Topics"
"107","MarsCuriosity","Missions & Topics"
"108","MarsPhoenix","Missions & Topics"
"109","MarsRovers","Missions & Topics"
"110","MAVEN2Mars","Missions & Topics"
"111","MESSENGER2011","Missions & Topics"
"112","AstrobiologyNAI","Missions & Topics"
"113","NASAblueshift","Missions & Topics"
"114","NASA_Lunar","Missions & Topics"
"115","NASANewHorizons","Missions & Topics"
"116","NASANuSTAR","Missions & Topics"
"117","NASA_OOREOS","Missions & Topics"
"118","OSIRISREx","Missions & Topics"
"119","PlanetQuest","Missions & Topics"
"120","SOFIAtelescope","Missions & Topics"
"121","NASASolarSystem","Missions & Topics"
"122","NASAspitzer","Missions & Topics"
"123","NASASwift","Missions & Topics"
"124","NASAVoyager","Missions & Topics"
"125","WISE_Mission","Missions & Topics"
"127","NASA_SDO_Edu","Missions & Topics"
"128","NASASpaceWxCtr","Missions & Topics"
"129","SunEarthDays","Missions & Topics"
"130","asteroidgc","Missions & Topics"
"131","Commercial_Crew","Missions & Topics"
"132","DESERT_RATS","Missions & Topics"
"133","NASA_go4launch","Missions & Topics"
"134","HMP","Missions & Topics"
"135","Space_Station","Missions & Topics"
"136","ISS_Research","Missions & Topics"
"137","NASA_NEEMO","Missions & Topics"
"138","NASA_Orion","Missions & Topics"
"139","PavilionLake","Missions & Topics"
"140","MorpheusLander","Missions & Topics"
"141","AstroRobonaut","Missions & Topics"
"142","NASA_SLS","Missions & Topics"
"143","trainastronaut","Missions & Topics"
"144","NASA_Astronauts","Missions & Topics"
"145","NASApeople","Missions & Topics"
